Index,1 YR,5 YR,1 YR %,5 YR %
MSCI Czech Republic Index,76.00%,35.90%,76.0,35.9
MSCI Argentina Index,-10.90%,33.20%,-10.9,33.2
MSCI Bulgaria Index,63.60%,33.00%,63.6,33.0
MSCI Greece Index,74.80%,30.90%,74.8,30.9
MSCI Austria Index,58.50%,26.90%,58.5,26.9
MSCI Panama Index,32.10%,25.60%,32.1,25.6
MSCI Kazakhstan Index,4.90%,25.50%,4.9,25.5
MSCI Romania Index,37.20%,24.90%,37.2,24.9
MSCI Hungary Index,56.70%,23.50%,56.7,23.5
MSCI Peru Index,42.30%,23.10%,42.3,23.1
